Crash Id,Calendar Year,FDOT Crash Number,Reporting Agency Case Number,Reporting Agency Type,FDOT Managing District,County Name,Crash Date,Crash Time,Day,DHSMV City,Crash Report City Code,In Town,On Roadway Name,Int Roadway Name,Reference Distance (Miles),Reference Direction,Officer Latitude,Officer Longitude,FDOT Latitude,FDOT Longitude,FDOT Roadway,Nearest Inventory MP,Nearest Node From Crash,State Road #,US Highway,Crash Side of Road,Accident Lane Number,Travel Direction Vehicle 1,FDOT Road Category,DHSMV Road System Id,Relation to Junction,Crash Harmful Event Location,Intersection Type,Shoulder Type,FDOT Roadway SKID Test Result,FDOT Roadway SKID Test Date,Functional Class,RCI Surface Width,RCI Shoulder Type First,RCI Shoulder Width First,RCI Shoulder Type Second,RCI Shoulder Width Second,RCI Shoulder Type Third,RCI Shoulder Width Third,RCI Median Width,Avg Daily Traffic,AADT Source,RCI Avg Per Truck Traffic,RCI Horiz Curve Condition,Posted Speed Limit,Highest Injury in Crash,CAR Status Code,Alcohols/Drug Involved,Site Location,Lighting,Weather,Road Surface,Roadway Grade,Roadway Alignment,Traffic Way Vehicle 1,Traffic Way Vehicle 2,Traffic Control Vehicle 1,Traffic Control Vehicle 2,Count of Lanes,Road Condition 1,Road Condition 2,Road Condition 3,Environment Condition 1,Environment Condition 2,Environment Condition 3,Crash Harmful Event,Manner of Collision,Vehicle Movement,Driver Action Vehicle 1,Driver Action Vehicle 2,Location Within Workzone,Type of Workzone,Workers Present in Workzone,Law Enforcement Present in Workzone,School Bus Related,Count of Nonfatal Injuries,Count of Traffic Fatalities,Count of Serious Injuries,Count of Pedestrians,Count of Drivers,Count of Bicyclists,Count of Vehicles,Count of Persons,Wrong Way,Workzone Inv,Commercial Vehicle Inv,Intersection Inv,Lane Departure,Speeding,Agressive Driving,Impaired Driver,Impaired Pedestrian,Impaired Bicyclist,Distracted Driver,Speeding or Aggressive Driving,Pedestrian Related,Bicyclist Related,Pedestrian or Bicyclist Related,Motorcycle Inv,No Belt,No Belt - Ages 1-4,No Belt - Ages 5-12,No Belt - Ages 13-17,Driver - Ages Teen,Driver - Ages 65 plus,Driver - Ages 65-69,Driver - Ages 70-74,Driver - Ages 75-79,Driver - Ages 80 plus,ARBM Latitude,ARBM Longitude,UTM Zone 17N X,UTM Zone 17N Y,ARBM Side of Road,Urban Rural Indicator,GIS Street Source,Extract Date,OBJECTID,x,y
2012825197320,2012,825197320,20120006272,CITY POLICE DEPARTMENT,04 FOURTH,PALM BEACH,"April 15, 2012",1235,MONDAY,9394 WEST PALM BEACH,0694,Y,FOREST HILL BLVD,LAKE AVE,0,,0,0,26.6552366,-80.0622103,93016000,8.845,03811,SR 882,,R RIGHT,2 THRU LANE 2,E EAST,21 URBAN 4-5LN 2WY DIVD PAVD,04 COUNTY,02 INTERSECTION,01 ON ROADWAY,02 FOUR-WAY INTERSECTION,03 CURB,39,"June 25, 2012",16 URBAN MINOR ART,18,CURB W RESF,2,,0,,0,10,15800,RCI,9.4,,35,3 NO-INCAPACITATING INJURY,31 Q/C COMPLETED - LOC VERIFIED,0 NO,02 AT INTERSECTION,01 DAYLIGHT,01 CLEAR,01 DRY,01 LEVEL,1 STRAIGHT,"TWO-WAY, NOT DIVIDED","TWO-WAY, NOT DIVIDED",TRAFFIC CONTROL SIGNAL,TRAFFIC CONTROL SIGNAL,4,NONE,NOT CODED,NOT CODED,NONE,NOT CODED,NOT CODED,14 MOTOR VEHICLE IN TRANSPORT,03 ANGLE,01 STRAIGHT AHEAD,NO CONTRIBUTING ACTION,NO CONTRIBUTING ACTION,00 NOT CODED,00 NOT CODED,00 NOT CODED,00 NOT CODED,01 NO,1,0,0,0,2,0,2,2,N,N,N,Y,N,N,N,N,N,N,N,N,N,N,N,N,N,N,N,N,N,Y,N,N,Y,N,26.655260648,-80.062204491,593328.110318,2948595.787591,C,,ARBM15Q1R2,"February 26, 2022",142039,-8912484.132473096,3080467.36248598
2012825197330,2012,825197330,20120006283,CITY POLICE DEPARTMENT,04 FOURTH,PALM BEACH,"April 15, 2012",1512,MONDAY,9394 WEST PALM BEACH,0694,Y,BROADWAY AVE,47TH ST,0,,0,0,26.7545335,-80.0559926,93020000,11.53,00771,SR 5,US 1,R RIGHT,U UNKNOWN,E EAST,21 URBAN 4-5LN 2WY DIVD PAVD,02 U.S.,02 INTERSECTION,01 ON ROADWAY,02 FOUR-WAY INTERSECTION,03 CURB,34,"June 5, 2011",16 URBAN MINOR ART,22,CURB&GUTTER,2,,0,,0,16,23000,RCI,3.4,,35,2 POSSIBLE INJURY,31 Q/C COMPLETED - LOC VERIFIED,0 NO,02 AT INTERSECTION,01 DAYLIGHT,02 CLOUDY,01 DRY,01 LEVEL,1 STRAIGHT,"TWO-WAY, DIVIDED, POSITIVE MED","TWO-WAY, DIVIDED, POSITIVE MED",STOP SIGN,NO CONTROLS,4,NONE,NOT CODED,NOT CODED,NONE,NOT CODED,NOT CODED,14 MOTOR VEHICLE IN TRANSPORT,03 ANGLE,01 STRAIGHT AHEAD,FAILED TO YIELD RIGHT-OF-WAY,NO CONTRIBUTING ACTION,00 NOT CODED,00 NOT CODED,00 NOT CODED,00 NOT CODED,01 NO,1,0,0,0,2,0,2,2,N,N,N,Y,N,N,N,N,N,N,N,N,N,N,N,N,Y,N,N,N,N,N,N,N,N,N,26.754513934,-80.055997998,593864.398607,2959593.990057,C,,ARBM15Q1R2,"February 26, 2022",142040,-8911793.229006188,3092835.4603034034
2012820185680,2012,820185680,FHPL12OFF029360,FLORIDA HIGHWAY PATROL,04 FOURTH,PALM BEACH,"May 14, 2012",2200,TUESDAY,9394 WEST PALM BEACH,0694,Y,I 95,10 AVE,0.5,N,26.6365383,-80.0683933,26.6346802,-80.0680742,93220000,22.078,02214,SR 9,I 95,R RIGHT,2 THRU LANE 2,N NORTH,01 INTERSTATE URBAN,01 INTERSTATE,01 NON-JUNCTION,01 ON ROADWAY,01 NOT AT INTERSECTION,01 PAVED,33,"December 1, 2008",11 URBAN PRIN ART INT.,64,PAVED WARN,9,,0,,0,32,190000,RCI,6.4,,65,2 POSSIBLE INJURY,31 Q/C COMPLETED - LOC VERIFIED,0 NO,01 NOT AT INTERSECTION/RRX/BRIDGE,04 DARK-LIGHTED,02 CLOUDY,02 WET,01 LEVEL,1 STRAIGHT,"TWO-WAY, DIVIDED, POSITIVE MED",,NO CONTROLS,NOT CODED,10,NONE,NOT CODED,NOT CODED,NONE,NOT CODED,NOT CODED,14 MOTOR VEHICLE IN TRANSPORT,77 OTHER (SEE NARRATIVE),01 STRAIGHT AHEAD,NO CONTRIBUTING ACTION,NOT CODED,00 NOT CODED,00 NOT CODED,00 NOT CODED,00 NOT CODED,01 NO,1,0,0,0,1,0,1,1,N,N,N,N,Y,N,N,N,N,N,N,N,N,N,N,N,N,N,N,N,N,N,N,N,N,N,26.634409085,-80.068041255,592764.061378,2946281.964644,R,,ARBM15Q1R2,"February 26, 2022",142179,-8913133.878204606,3077870.3868725915
2012820038010,2012,820038010,FHPL12OFF021694,FLORIDA HIGHWAY PATROL,04 FOURTH,PALM BEACH,"April 9, 2012",0950,TUESDAY,9394 WEST PALM BEACH,0694,Y,SR 9,SR 80,0.038,S,26.6747799,-80.0697083,26.6747599,-80.0695552,93220000,24.863,02265,SR 9,I 95,R RIGHT,4 THRU LANE 4,N NORTH,01 INTERSTATE URBAN,01 INTERSTATE,01 NON-JUNCTION,04 MEDIAN,01 NOT AT INTERSECTION,01 PAVED,34,"May 4, 1999",11 URBAN PRIN ART INT.,64,PAVED WARN,11,LAWN,12,,0,32,192000,RCI,6.4,,65,2 POSSIBLE INJURY,31 Q/C COMPLETED - LOC VERIFIED,0 NO,01 NOT AT INTERSECTION/RRX/BRIDGE,01 DAYLIGHT,01 CLEAR,01 DRY,01 LEVEL,1 STRAIGHT,"TWO-WAY, DIVIDED, POSITIVE MED","TWO-WAY, DIVIDED, POSITIVE MED",NO CONTROLS,NO CONTROLS,10,NONE,NOT CODED,NOT CODED,NONE,NOT CODED,NOT CODED,14 MOTOR VEHICLE IN TRANSPORT,"04 SIDESWIPE, SAME DIRECTION",01 STRAIGHT AHEAD,NO CONTRIBUTING ACTION,NO CONTRIBUTING ACTION,00 NOT CODED,00 NOT CODED,00 NOT CODED,00 NOT CODED,01 NO,2,0,0,0,3,0,3,3,N,N,N,N,Y,N,N,N,N,N,N,N,N,N,N,N,N,N,N,N,N,N,N,N,N,N,26.674530083,-80.069620665,592574.468939,2950724.724256,R,,ARBM15Q1R2,"February 26, 2022",142182,-8913309.697550118,3082867.7124976465
2012825196860,2012,825196860,20120005653,CITY POLICE DEPARTMENT,04 FOURTH,PALM BEACH,"April 5, 2012",1117,FRIDAY,9394 WEST PALM BEACH,0694,Y,BROADWAY AVE,45TH ST,0.038,N,0,0,26.7536212,-80.0560803,93020000,11.467,00770,SR 5,US 1,L LEFT,U UNKNOWN,U UNNWN,21 URBAN 4-5LN 2WY DIVD PAVD,02 U.S.,01 NON-JUNCTION,01 ON ROADWAY,01 NOT AT INTERSECTION,03 CURB,34,"June 5, 2011",16 URBAN MINOR ART,22,CURB&GUTTER,2,,0,,0,16,23000,RCI,3.4,,35,1 NO INJURY,31 Q/C COMPLETED - LOC VERIFIED,0 NO,01 NOT AT INTERSECTION/RRX/BRIDGE,01 DAYLIGHT,01 CLEAR,01 DRY,01 LEVEL,1 STRAIGHT,UNKNOWN,"TWO-WAY, NOT DIV, W/CONT LTURN",UNKNOWN,NO CONTROLS,4,NONE,NOT CODED,NOT CODED,NONE,NOT CODED,NOT CODED,14 MOTOR VEHICLE IN TRANSPORT,03 ANGLE,88 UNKNOWN,OTHER CONTRIBUTING ACTION,NO CONTRIBUTING ACTION,00 NOT CODED,00 NOT CODED,00 NOT CODED,00 NOT CODED,01 NO,0,0,0,0,2,0,2,2,N,N,N,N,N,N,N,N,N,N,N,N,N,N,N,N,N,N,N,N,N,N,N,N,N,N,26.753600517,-80.056088697,593856.13015,2959492.749177,C,,ARBM15Q1R2,"February 26, 2022",142190,-8911803.32543683,3092721.588925029
2012831946930,2012,831946930,FHPL12OFF052541,FLORIDA HIGHWAY PATROL,04 FOURTH,PALM BEACH,"August 25, 2012",0154,SUNDAY,9394 WEST PALM BEACH,0694,N,SR 704,SR 9,0.1,S,26.705905,-80.0770766,26.7051829,-80.0756308,93220147,0.1,04903,SR 9,I 95,L LEFT,X RAMP,E EAST,07 RAMP URBAN,01 INTERSTATE,01 NON-JUNCTION,03 SHOULDER,01 NOT AT INTERSECTION,01 PAVED,0,"December 31, 2000",,15,PAVED,6,OTHER,2,,0,,8600,RCI,3.1,,,1 NO INJURY,31 Q/C COMPLETED - LOC VERIFIED,1 ALC,07 ENTRANCE RAMP,04 DARK-LIGHTED,02 CLOUDY,02 WET,01 LEVEL,1 STRAIGHT,"TWO-WAY, DIVIDED, POSITIVE MED","TWO-WAY, DIVIDED, POSITIVE MED",NO CONTROLS,NO CONTROLS,1,NONE,NOT CODED,NOT CODED,NONE,NOT CODED,NOT CODED,"36 OTHER POST, POLE, OR SUPPORT",77 OTHER (SEE NARRATIVE),01 STRAIGHT AHEAD,OPERATED MV IN CARLESS OR NEGL,NOT CODED,00 NOT CODED,00 NOT CODED,00 NOT CODED,00 NOT CODED,01 NO,0,0,0,0,1,0,2,2,N,N,N,N,Y,N,N,Y,N,N,Y,N,N,N,N,N,Y,N,N,N,N,N,N,N,N,N,26.705191283,-80.075625834,591952.300033,2954116.508424,O,,ARBM15Q1R2,"February 26, 2022",142320,-8913978.190257708,3086687.9449871266
2012831784260,2012,831784260,FHPL12OFF058889,FLORIDA HIGHWAY PATROL,04 FOURTH,PALM BEACH,"September 23, 2012",0755,MONDAY,9394 WEST PALM BEACH,0694,Y,I 95,SOUTHERN BLVD,0.019,S,26.6759851,-80.0683609,26.6756599,-80.0684476,93220154,0.205,04888,SR 9,I 95,R RIGHT,X RAMP,N NORTH,08 RAMP RURAL,01 INTERSTATE,14 ENTRANCE/EXIT RAMP,01 ON ROADWAY,01 NOT AT INTERSECTION,01 PAVED,0,"December 31, 2000",,47,PAVED,6,VALLEY GUTR,4,,0,,15000,RCI,8.3,,,2 POSSIBLE INJURY,31 Q/C COMPLETED - LOC VERIFIED,0 NO,08 EXIT RAMP,03 DAWN,02 CLOUDY,01 DRY,03 UPHILL,1 STRAIGHT,ONE-WAY TRAFFICWAY,ONE-WAY TRAFFICWAY,TRAFFIC CONTROL SIGNAL,TRAFFIC CONTROL SIGNAL,4,NONE,NOT CODED,NOT CODED,NONE,NOT CODED,NOT CODED,14 MOTOR VEHICLE IN TRANSPORT,01 FRONT TO REAR,01 STRAIGHT AHEAD,NOT CODED,NO CONTRIBUTING ACTION,00 NOT CODED,00 NOT CODED,00 NOT CODED,00 NOT CODED,01 NO,1,0,0,0,1,0,2,1,N,N,N,N,N,N,N,N,N,N,N,N,N,N,N,N,N,N,N,N,N,N,N,N,N,N,26.675658508,-80.068444238,592690.619459,2950850.565887,O,,ARBM15Q1R2,"February 26, 2022",142321,-8913178.7381429,3083008.2904113196
2012825194180,2012,825194180,20120001412,CITY POLICE DEPARTMENT,04 FOURTH,PALM BEACH,"January 25, 2012",1038,THURSDAY,9394 WEST PALM BEACH,0694,Y,I 95,BELVEDERE RD,0,,0,0,26.6904602,-80.0659494,93220158,0.741,04924,SR 9,I 95,R RIGHT,X RAMP,N NORTH,08 RAMP RURAL,01 INTERSTATE,14 ENTRANCE/EXIT RAMP,01 ON ROADWAY,02 FOUR-WAY INTERSECTION,01 PAVED,0,"December 31, 2000",,24,PAVED,5,LAWN,12,,0,,8000,RCI,3.1,,,1 NO INJURY,31 Q/C COMPLETED - LOC VERIFIED,0 NO,08 EXIT RAMP,01 DAYLIGHT,01 CLEAR,01 DRY,01 LEVEL,1 STRAIGHT,"TWO-WAY, NOT DIVIDED",ONE-WAY TRAFFICWAY,NO CONTROLS,YIELD SIGN,2,NONE,NOT CODED,NOT CODED,NONE,NOT CODED,NOT CODED,14 MOTOR VEHICLE IN TRANSPORT,01 FRONT TO REAR,01 STRAIGHT AHEAD,OTHER CONTRIBUTING ACTION,NO CONTRIBUTING ACTION,00 NOT CODED,00 NOT CODED,00 NOT CODED,00 NOT CODED,01 NO,0,0,0,0,2,0,2,2,N,N,N,N,Y,N,N,N,N,N,N,N,N,N,N,N,N,N,N,N,N,Y,Y,N,N,N,26.690466732,-80.0659564,592926.1664,2952492.5799,O,,ARBM15Q1R2,"February 26, 2022",142323,-8912901.793312736,3084853.2112038718
2012832016660,2012,832016660,FHPL12OFF071054,FLORIDA HIGHWAY PATROL,04 FOURTH,PALM BEACH,"November 18, 2012",0936,MONDAY,9394 WEST PALM BEACH,0694,Y,I 95,BELVEDERE RD,0,,26.6902703,-80.066066,26.6904602,-80.0659494,93220158,0.741,04924,SR 9,I 95,R RIGHT,X RAMP,N NORTH,08 RAMP RURAL,01 INTERSTATE,14 ENTRANCE/EXIT RAMP,01 ON ROADWAY,04 Y-INTERSECTION,01 PAVED,0,"December 31, 2000",,24,PAVED,5,LAWN,12,,0,,8000,RCI,3.1,,,3 NO-INCAPACITATING INJURY,31 Q/C COMPLETED - LOC VERIFIED,0 NO,08 EXIT RAMP,01 DAYLIGHT,01 CLEAR,01 DRY,01 LEVEL,2 CURVE RIGHT,ONE-WAY TRAFFICWAY,ONE-WAY TRAFFICWAY,TRAFFIC CONTROL SIGNAL,TRAFFIC CONTROL SIGNAL,2,NONE,NOT CODED,NOT CODED,NONE,NOT CODED,NOT CODED,14 MOTOR VEHICLE IN TRANSPORT,01 FRONT TO REAR,01 STRAIGHT AHEAD,NOT CODED,NO CONTRIBUTING ACTION,00 NOT CODED,00 NOT CODED,00 NOT CODED,00 NOT CODED,01 NO,1,0,0,0,1,0,2,1,N,N,N,N,N,N,N,N,N,N,N,N,N,N,N,N,N,N,N,N,N,N,N,N,N,N,26.690466732,-80.0659564,592926.1664,2952492.5799,O,,ARBM15Q1R2,"February 26, 2022",142324,-8912901.793312736,3084853.2112038718
2012825193930,2012,825193930,20120000962,CITY POLICE DEPARTMENT,04 FOURTH,PALM BEACH,"January 17, 2012",1900,WEDNESDAY,9394 WEST PALM BEACH,0694,Y,DIXIE HWY S,FRANKLIN RD,0,,0,0,26.6581237,-80.0559053,93050000,4.621,00102,SR 805,US 1,L LEFT,1 THRU LANE 1,S SOUTH,22 URBAN 4-5LN 2WY UNDIVD,03 STATE,02 INTERSECTION,01 ON ROADWAY,02 FOUR-WAY INTERSECTION,03 CURB,36,"April 12, 2011",16 URBAN MINOR ART,46,PAVED,7,CURB&GUTTER,2,,0,,19100,RCI,11,,35,3 NO-INCAPACITATING INJURY,31 Q/C COMPLETED - LOC VERIFIED,0 NO,02 AT INTERSECTION,04 DARK-LIGHTED,01 CLEAR,01 DRY,01 LEVEL,1 STRAIGHT,"TWO-WAY, DIVIDED, UNPROTECTED","TWO-WAY, DIVIDED, UNPROTECTED",NO CONTROLS,NO CONTROLS,4,NONE,NOT CODED,NOT CODED,NONE,NOT CODED,NOT CODED,14 MOTOR VEHICLE IN TRANSPORT,01 FRONT TO REAR,01 STRAIGHT AHEAD,FOLLOWED TOO CLOSELY,NO CONTRIBUTING ACTION,00 NOT CODED,00 NOT CODED,00 NOT CODED,00 NOT CODED,01 NO,3,0,0,0,2,0,2,3,N,N,N,Y,N,N,N,N,N,N,N,N,N,N,N,N,N,N,N,N,Y,N,N,N,N,N,26.65808939,-80.055905087,593952.735789,2948913.726614,C,,ARBM15Q1R2,"February 26, 2022",142330,-8911782.885884618,3080819.7070912328
2012820038030,2012,820038030,FHPL12OFF024261,FLORIDA HIGHWAY PATROL,04 FOURTH,PALM BEACH,"April 21, 2012",0930,SUNDAY,9394 WEST PALM BEACH,0694,Y,SR 9,10TH AVE,0.038,N,26.6300633,-80.0677033,26.628,-80.0673553,93220000,21.616,02212,SR 9,I 95,R RIGHT,3 THRU LANE 3,N NORTH,01 INTERSTATE URBAN,01 INTERSTATE,01 NON-JUNCTION,01 ON ROADWAY,01 NOT AT INTERSECTION,01 PAVED,33,"December 1, 2008",11 URBAN PRIN ART INT.,64,PAVED WARN,9,LAWN,12,,0,32,190000,RCI,6.4,,65,1 NO INJURY,31 Q/C COMPLETED - LOC VERIFIED,0 NO,01 NOT AT INTERSECTION/RRX/BRIDGE,01 DAYLIGHT,02 CLOUDY,01 DRY,01 LEVEL,1 STRAIGHT,"TWO-WAY, DIVIDED, POSITIVE MED","TWO-WAY, DIVIDED, POSITIVE MED",NO CONTROLS,NO CONTROLS,10,NONE,NOT CODED,NOT CODED,NONE,NOT CODED,NOT CODED,14 MOTOR VEHICLE IN TRANSPORT,"04 SIDESWIPE, SAME DIRECTION",01 STRAIGHT AHEAD,OPERATED MV IN CARLESS OR NEGL,NO CONTRIBUTING ACTION,00 NOT CODED,00 NOT CODED,00 NOT CODED,00 NOT CODED,01 NO,0,0,0,0,2,0,2,2,N,N,N,N,Y,N,N,N,N,N,N,N,N,N,N,N,N,N,N,N,N,N,N,N,N,N,26.627722193,-80.067317134,592841.54657,2945541.835229,R,,ARBM15Q1R2,"February 26, 2022",142334,-8913053.269415384,3077037.662697056
2012825194160,2012,825194160,20120001400,CITY POLICE DEPARTMENT,04 FOURTH,PALM BEACH,"January 25, 2012",0814,THURSDAY,9394 WEST PALM BEACH,0694,Y,DIXIE HWY S,AVENIDA HERMOSA,0,,0,0,26.6826528,-80.0545562,93050000,6.315,00608,SR 805,US 1,L LEFT,2 THRU LANE 2,E EAST,22 URBAN 4-5LN 2WY UNDIVD,02 U.S.,02 INTERSECTION,01 ON ROADWAY,03 T-INTERSECTION,03 CURB,41,"April 12, 2011",16 URBAN MINOR ART,44,PAVED,7,CURB&GUTTER,2,,0,,16100,RCI,10.1,,35,2 POSSIBLE INJURY,31 Q/C COMPLETED - LOC VERIFIED,0 NO,02 AT INTERSECTION,01 DAYLIGHT,02 CLOUDY,01 DRY,01 LEVEL,1 STRAIGHT,"TWO-WAY, NOT DIVIDED","TWO-WAY, NOT DIVIDED",STOP SIGN,NO CONTROLS,4,NONE,NOT CODED,NOT CODED,NONE,NOT CODED,NOT CODED,14 MOTOR VEHICLE IN TRANSPORT,03 ANGLE,13 STOPPED IN TRAFFIC,FAILED TO YIELD RIGHT-OF-WAY,RAN RED LIGHT,00 NOT CODED,00 NOT CODED,00 NOT CODED,00 NOT CODED,01 NO,2,0,0,0,2,0,2,4,N,N,Y,Y,N,N,N,N,N,N,N,N,N,N,N,N,Y,N,N,N,N,Y,Y,N,N,N,26.682639,-80.054555849,594066.87224,2951633.91116,C,,ARBM15Q1R2,"February 26, 2022",168770,-8911632.689483773,3083877.9431616454
2012825195640,2012,825195640,20120003458,CITY POLICE DEPARTMENT,04 FOURTH,PALM BEACH,"February 29, 2012",0254,THURSDAY,9394 WEST PALM BEACH,0694,Y,DIXIE HWY S,REVERE RD,0,,0,0,26.6625127,-80.055698,93050000,4.924,00108,SR 805,US 1,L LEFT,U UNKNOWN,E EAST,22 URBAN 4-5LN 2WY UNDIVD,03 STATE,01 NON-JUNCTION,01 ON ROADWAY,02 FOUR-WAY INTERSECTION,03 CURB,36,"April 12, 2011",16 URBAN MINOR ART,46,PAVED,7,CURB&GUTTER,2,,0,,19100,RCI,11,,35,4 INCAPACITATING INJURY,31 Q/C COMPLETED - LOC VERIFIED,0 NO,02 AT INTERSECTION,01 DAYLIGHT,01 CLEAR,01 DRY,01 LEVEL,1 STRAIGHT,"TWO-WAY, NOT DIVIDED","TWO-WAY, NOT DIVIDED",STOP SIGN,NO CONTROLS,4,NONE,NOT CODED,NOT CODED,NONE,NOT CODED,NOT CODED,14 MOTOR VEHICLE IN TRANSPORT,03 ANGLE,03 TURNING LEFT,FAILED TO YIELD RIGHT-OF-WAY,NO CONTRIBUTING ACTION,00 NOT CODED,00 NOT CODED,00 NOT CODED,00 NOT CODED,01 NO,2,0,1,0,2,0,2,2,N,N,N,Y,N,N,N,N,N,N,N,N,N,N,N,N,N,N,N,N,N,Y,N,N,Y,N,26.662483431,-80.055708922,593968.65904,2949400.56781,C,,ARBM15Q1R2,"February 26, 2022",168771,-8911761.048902033,3081367.0407117233
2012825195720,2012,825195720,20120003589,CITY POLICE DEPARTMENT,04 FOURTH,PALM BEACH,"March 2, 2012",1412,SATURDAY,9394 WEST PALM BEACH,0694,Y,DIXIE HWY S,PALMETTO ST,0,,0,0,26.6610949,-80.0558006,93050000,4.826,00106,SR 805,US 1,R RIGHT,1 THRU LANE 1,S SOUTH,22 URBAN 4-5LN 2WY UNDIVD,02 U.S.,02 INTERSECTION,01 ON ROADWAY,02 FOUR-WAY INTERSECTION,03 CURB,36,"April 12, 2011",16 URBAN MINOR ART,46,PAVED,7,CURB&GUTTER,2,,0,,19100,RCI,11,,35,3 NO-INCAPACITATING INJURY,31 Q/C COMPLETED - LOC VERIFIED,0 NO,02 AT INTERSECTION,01 DAYLIGHT,01 CLEAR,01 DRY,01 LEVEL,1 STRAIGHT,"TWO-WAY, NOT DIVIDED","TWO-WAY, NOT DIVIDED",NO CONTROLS,NO CONTROLS,4,NONE,NOT CODED,NOT CODED,NONE,NOT CODED,NOT CODED,14 MOTOR VEHICLE IN TRANSPORT,03 ANGLE,03 TURNING LEFT,FAILED TO YIELD RIGHT-OF-WAY,OTHER CONTRIBUTING ACTION,00 NOT CODED,00 NOT CODED,00 NOT CODED,00 NOT CODED,01 NO,1,0,0,0,2,0,2,6,N,N,N,Y,N,N,N,N,N,N,N,N,N,N,N,N,Y,N,N,N,N,N,N,N,N,N,26.661063347,-80.055811466,593959.617243,2949243.199713,C,,ARBM15Q1R2,"February 26, 2022",168772,-8911772.464122554,3081190.148978817
2012825197270,2012,825197270,20120006218,CITY POLICE DEPARTMENT,04 FOURTH,PALM BEACH,"April 14, 2012",1423,SUNDAY,9394 WEST PALM BEACH,0694,Y,GREGORY RD,DIXIE HWY S,0,,0,0,26.6462416,-80.0562981,93050000,3.801,00087,SR 805,US 1,R RIGHT,2 THRU LANE 2,U UNNWN,21 URBAN 4-5LN 2WY DIVD PAVD,02 U.S.,02 INTERSECTION,01 ON ROADWAY,02 FOUR-WAY INTERSECTION,03 CURB,36,"April 12, 2011",16 URBAN MINOR ART,24,CURB&GUTTER,2,,0,,0,12,19100,RCI,11,,35,2 POSSIBLE INJURY,31 Q/C COMPLETED - LOC VERIFIED,0 NO,02 AT INTERSECTION,01 DAYLIGHT,01 CLEAR,01 DRY,01 LEVEL,1 STRAIGHT,"TWO-WAY, NOT DIVIDED","TWO-WAY, NOT DIVIDED",TRAFFIC CONTROL SIGNAL,UNKNOWN,4,NONE,NOT CODED,NOT CODED,NONE,NOT CODED,NOT CODED,01 OVERTURN/ROLLOVER,03 ANGLE,05 TURNING RIGHT,OTHER CONTRIBUTING ACTION,OTHER CONTRIBUTING ACTION,00 NOT CODED,00 NOT CODED,00 NOT CODED,00 NOT CODED,01 NO,5,0,0,0,2,0,2,8,N,N,N,Y,N,N,N,N,N,N,N,N,N,N,N,N,N,N,N,N,N,N,N,N,N,N,26.646193933,-80.056303934,593922.777373,2947595.859199,C,,ARBM15Q1R2,"February 26, 2022",168773,-8911827.285278946,3079338.082606464
2012825203250,2012,825203250,20120017083,CITY POLICE DEPARTMENT,04 FOURTH,PALM BEACH,"October 18, 2012",1235,FRIDAY,9394 WEST PALM BEACH,0694,Y,SPRUCE AVE,24TH ST,0.002,S,0,0,26.7356571,-80.0555125,93020002,0.126,04007,SR 5,US 1,R RIGHT,1 THRU LANE 1,U UNNWN,12 URBAN 2-3LN 2WY UNDIVD,05 LOCAL,01 NON-JUNCTION,01 ON ROADWAY,01 NOT AT INTERSECTION,03 CURB,43,"June 2, 2008",16 URBAN MINOR ART,22,PAVED,7,CURB&GUTTER,2,,0,,15700,RCI,5.3,,35,1 NO INJURY,31 Q/C COMPLETED - LOC VERIFIED,0 NO,02 AT INTERSECTION,01 DAYLIGHT,01 CLEAR,01 DRY,01 LEVEL,1 STRAIGHT,UNKNOWN,"TWO-WAY, NOT DIVIDED",UNKNOWN,NO CONTROLS,2,NONE,NOT CODED,NOT CODED,NONE,NOT CODED,NOT CODED,14 MOTOR VEHICLE IN TRANSPORT,01 FRONT TO REAR,88 UNKNOWN,OTHER CONTRIBUTING ACTION,NO CONTRIBUTING ACTION,00 NOT CODED,00 NOT CODED,00 NOT CODED,00 NOT CODED,01 NO,0,0,0,0,2,0,2,3,N,N,N,Y,N,N,N,N,N,N,N,N,N,N,N,N,N,N,N,N,N,N,N,N,N,N,26.735668512,-80.055509398,593928.470413,2957506.952078,C,,ARBM15Q1R2,"February 26, 2022",168861,-8911738.838267064,3090486.27521022