Crash Id,Calendar Year,FDOT Crash Number,Reporting Agency Case Number,Reporting Agency Type,FDOT Managing District,County Name,Crash Date,Crash Time,Day,DHSMV City,Crash Report City Code,In Town,On Roadway Name,Int Roadway Name,Reference Distance (Miles),Reference Direction,Officer Latitude,Officer Longitude,FDOT Latitude,FDOT Longitude,FDOT Roadway,Nearest Inventory MP,Nearest Node From Crash,State Road #,US Highway,Crash Side of Road,Accident Lane Number,Travel Direction Vehicle 1,FDOT Road Category,DHSMV Road System Id,Relation to Junction,Crash Harmful Event Location,Intersection Type,Shoulder Type,FDOT Roadway SKID Test Result,FDOT Roadway SKID Test Date,Functional Class,RCI Surface Width,RCI Shoulder Type First,RCI Shoulder Width First,RCI Shoulder Type Second,RCI Shoulder Width Second,RCI Shoulder Type Third,RCI Shoulder Width Third,RCI Median Width,Avg Daily Traffic,AADT Source,RCI Avg Per Truck Traffic,RCI Horiz Curve Condition,Posted Speed Limit,Highest Injury in Crash,CAR Status Code,Alcohols/Drug Involved,Site Location,Lighting,Weather,Road Surface,Roadway Grade,Roadway Alignment,Traffic Way Vehicle 1,Traffic Way Vehicle 2,Traffic Control Vehicle 1,Traffic Control Vehicle 2,Count of Lanes,Road Condition 1,Road Condition 2,Road Condition 3,Environment Condition 1,Environment Condition 2,Environment Condition 3,Crash Harmful Event,Manner of Collision,Vehicle Movement,Driver Action Vehicle 1,Driver Action Vehicle 2,Location Within Workzone,Type of Workzone,Workers Present in Workzone,Law Enforcement Present in Workzone,School Bus Related,Count of Nonfatal Injuries,Count of Traffic Fatalities,Count of Serious Injuries,Count of Pedestrians,Count of Drivers,Count of Bicyclists,Count of Vehicles,Count of Persons,Wrong Way,Workzone Inv,Commercial Vehicle Inv,Intersection Inv,Lane Departure,Speeding,Agressive Driving,Impaired Driver,Impaired Pedestrian,Impaired Bicyclist,Distracted Driver,Speeding or Aggressive Driving,Pedestrian Related,Bicyclist Related,Pedestrian or Bicyclist Related,Motorcycle Inv,No Belt,No Belt - Ages 1-4,No Belt - Ages 5-12,No Belt - Ages 13-17,Driver - Ages Teen,Driver - Ages 65 plus,Driver - Ages 65-69,Driver - Ages 70-74,Driver - Ages 75-79,Driver - Ages 80 plus,ARBM Latitude,ARBM Longitude,UTM Zone 17N X,UTM Zone 17N Y,ARBM Side of Road,Urban Rural Indicator,GIS Street Source,Extract Date,OBJECTID,x,y
2012828953130,2012,828953130,FHPL12OFF051605,FLORIDA HIGHWAY PATROL,04 FOURTH,PALM BEACH,"August 21, 2012",0800,WEDNESDAY,9394 WEST PALM BEACH,0694,Y,I 95,PALM BEACH LAKES BLVD,0.8,N,26.7351733,-80.0912466,26.4825758,-80.0848299,93220000,11.424,02233,SR 9,I 95,L LEFT,5 THRU LANE 5,S SOUTH,01 INTERSTATE URBAN,01 INTERSTATE,18 THROUGH ROADWAY,01 ON ROADWAY,01 NOT AT INTERSECTION,01 PAVED,35,"November 13, 2011",11 URBAN PRIN ART INT.,64,PAVED WARN,10,LAWN,12,,0,35,174498,RCI,6.4,,65,1 NO INJURY,31 Q/C COMPLETED - LOC VERIFIED,0 NO,01 NOT AT INTERSECTION/RRX/BRIDGE,01 DAYLIGHT,01 CLEAR,01 DRY,01 LEVEL,1 STRAIGHT,"TWO-WAY, DIVIDED, POSITIVE MED","TWO-WAY, DIVIDED, POSITIVE MED",NO CONTROLS,NO CONTROLS,7,NONE,NOT CODED,NOT CODED,NONE,NOT CODED,NOT CODED,14 MOTOR VEHICLE IN TRANSPORT,01 FRONT TO REAR,14 SLOWING,NOT CODED,NO CONTRIBUTING ACTION,00 NOT CODED,00 NOT CODED,00 NOT CODED,00 NOT CODED,01 NO,0,0,0,0,1,0,2,1,N,N,N,N,N,N,N,N,N,N,N,N,N,N,N,N,N,N,N,N,N,N,N,N,N,N,26.482201865,-80.085293025,591167.134812,2929410.960097,L,,ARBM15Q1R2,"February 26, 2022",3159762,-8915054.336625911,3058927.9334016494
2012828968890,2012,828968890,FHPL12OFF066037,FLORIDA HIGHWAY PATROL,04 FOURTH,PALM BEACH,"October 25, 2012",1320,FRIDAY,9394 WEST PALM BEACH,0694,Y,I 95,OKEECHOBEE BLVD,0.227,S,26.7010459,-80.0725997,26.7007348,-80.0719313,93220000,26.764,01228,SR 9,I 95,L LEFT,S SIDE OF ROAD,S SOUTH,01 INTERSTATE URBAN,01 INTERSTATE,01 NON-JUNCTION,03 SHOULDER,01 NOT AT INTERSECTION,01 PAVED,33,"December 17, 2003",11 URBAN PRIN ART INT.,64,PAVED WARN,10,,0,,0,32,194500,RCI,6.4,,65,2 POSSIBLE INJURY,31 Q/C COMPLETED - LOC VERIFIED,0 NO,01 NOT AT INTERSECTION/RRX/BRIDGE,01 DAYLIGHT,02 CLOUDY,02 WET,01 LEVEL,1 STRAIGHT,"TWO-WAY, DIVIDED, POSITIVE MED","TWO-WAY, DIVIDED, POSITIVE MED",NO CONTROLS,NO CONTROLS,10,NONE,NOT CODED,NOT CODED,NONE,NOT CODED,NOT CODED,28 GUARDRAIL END,88 UNKNOWN,01 STRAIGHT AHEAD,NO CONTRIBUTING ACTION,OTHER CONTRIBUTING ACTION,00 NOT CODED,00 NOT CODED,00 NOT CODED,00 NOT CODED,01 NO,1,0,0,0,2,0,2,2,N,N,Y,N,Y,N,N,N,N,N,N,N,N,N,N,N,N,N,N,N,N,N,N,N,N,N,26.700529409,-80.072158377,592301.002007,2953602.649982,L,,ARBM15Q1R2,"February 26, 2022",3159767,-8913592.194487583,3086107.0325978682
2012829109490,2012,829109490,FHPL12OFF049269,FLORIDA HIGHWAY PATROL,04 FOURTH,PALM BEACH,"August 10, 2012",2324,SATURDAY,9394 WEST PALM BEACH,0694,Y,I 95,BELVEDERE RD,0.2,N,26.690074,-80.0668652,26.6936959,-80.0677571,93220000,26.215,02141,SR 9,I 95,R RIGHT,S SIDE OF ROAD,S SOUTH,01 INTERSTATE URBAN,01 INTERSTATE,01 NON-JUNCTION,04 MEDIAN,01 NOT AT INTERSECTION,01 PAVED,33,"December 17, 2003",11 URBAN PRIN ART INT.,64,PAVED,10,,0,,0,32,194500,RCI,6.4,,65,2 POSSIBLE INJURY,31 Q/C COMPLETED - LOC VERIFIED,0 NO,01 NOT AT INTERSECTION/RRX/BRIDGE,04 DARK-LIGHTED,02 CLOUDY,02 WET,01 LEVEL,3 CURVE LEFT,"TWO-WAY, DIVIDED, POSITIVE MED",,NO CONTROLS,NOT CODED,10,NONE,NOT CODED,NOT CODED,NONE,NOT CODED,NOT CODED,30 CONCRETE TRAFFIC BARRIER,77 OTHER (SEE NARRATIVE),01 STRAIGHT AHEAD,OPERATED MV IN CARLESS OR NEGL,NOT CODED,00 NOT CODED,00 NOT CODED,00 NOT CODED,00 NOT CODED,01 NO,1,0,0,0,1,0,1,2,N,N,N,N,Y,N,N,N,N,N,N,N,N,N,N,N,N,N,N,N,N,N,N,N,N,N,26.693512376,-80.067702737,592749.951611,2952828.653889,R,,ARBM15Q1R2,"February 26, 2022",3159772,-8913096.194740746,3085232.6902994537
2012832358710,2012,832358710,FHPL12OFF067198,FLORIDA HIGHWAY PATROL,04 FOURTH,PALM BEACH,"October 31, 2012",0240,THURSDAY,9394 WEST PALM BEACH,0694,Y,I 95,SR 882,0.019,S,26.0939166,-80.2299266,26.6549937,-80.069321,93220000,23.489,02217,SR 9,I 95,M MEDIAN,M MIDDLE,N NORTH,01 INTERSTATE URBAN,01 INTERSTATE,01 NON-JUNCTION,04 MEDIAN,01 NOT AT INTERSECTION,01 PAVED,33,"December 1, 2008",11 URBAN PRIN ART INT.,64,PAVED WARN,10,,0,,0,32,192000,RCI,6.4,,65,1 NO INJURY,31 Q/C COMPLETED - LOC VERIFIED,1 ALC,01 NOT AT INTERSECTION/RRX/BRIDGE,04 DARK-LIGHTED,01 CLEAR,01 DRY,01 LEVEL,1 STRAIGHT,"TWO-WAY, DIVIDED, POSITIVE MED",,NO CONTROLS,NOT CODED,10,NONE,NOT CODED,NOT CODED,NONE,NOT CODED,NOT CODED,30 CONCRETE TRAFFIC BARRIER,77 OTHER (SEE NARRATIVE),01 STRAIGHT AHEAD,OTHER CONTRIBUTING ACTION,NOT CODED,00 NOT CODED,00 NOT CODED,00 NOT CODED,00 NOT CODED,01 NO,0,0,0,0,1,0,1,1,N,N,N,N,Y,N,N,Y,N,N,N,N,N,N,N,N,N,N,N,N,N,N,N,N,N,N,26.654749716,-80.069280822,592624.258666,2948534.043187,R,,ARBM15Q1R2,"February 26, 2022",3159783,-8913271.866230493,3080403.722359244
2012831590960,2012,831590960,FHPL12OFF080032,FLORIDA HIGHWAY PATROL,04 FOURTH,PALM BEACH,"December 29, 2012",0131,SUNDAY,9394 WEST PALM BEACH,0694,N,I 95,BELVEDERE RD,0.25,N,26.6951166,-80.068905,26.6943274,-80.0681582,93220000,26.265,06133,SR 9,I 95,M MEDIAN,M MIDDLE,S SOUTH,01 INTERSTATE URBAN,01 INTERSTATE,01 NON-JUNCTION,04 MEDIAN,01 NOT AT INTERSECTION,01 PAVED,33,"December 17, 2003",11 URBAN PRIN ART INT.,64,PAVED,10,,0,,0,32,194500,RCI,6.4,,65,1 NO INJURY,31 Q/C COMPLETED - LOC VERIFIED,0 NO,01 NOT AT INTERSECTION/RRX/BRIDGE,04 DARK-LIGHTED,01 CLEAR,01 DRY,01 LEVEL,1 STRAIGHT,"TWO-WAY, DIVIDED, POSITIVE MED","TWO-WAY, DIVIDED, POSITIVE MED",NO CONTROLS,NO CONTROLS,10,NONE,NOT CODED,NOT CODED,NONE,NOT CODED,NOT CODED,30 CONCRETE TRAFFIC BARRIER,"04 SIDESWIPE, SAME DIRECTION",06 CHANGING LANES,NOT CODED,NO CONTRIBUTING ACTION,00 NOT CODED,00 NOT CODED,00 NOT CODED,00 NOT CODED,01 NO,0,0,0,0,1,0,2,2,N,N,N,N,Y,N,N,N,N,N,N,N,N,N,N,N,N,N,N,N,N,N,N,N,N,N,26.694153318,-80.068083729,592711.527675,2952899.369659,R,,ARBM15Q1R2,"February 26, 2022",3159786,-8913138.606582487,3085312.5513109616
2012825202560,2012,825202560,20120015953,CITY POLICE DEPARTMENT,04 FOURTH,PALM BEACH,"September 28, 2012",1647,SATURDAY,9394 WEST PALM BEACH,0694,Y,45TH ST,MILITARY TRAIL,0.001,E,0,0,26.7597766,-80.1084516,93150000,5.658,01688,SR 809,,S SIDE RD RIGHT,L LEFT TURN,W WEST,30 URBAN 6+LN 2WY DIVD RASD,04 COUNTY,02 INTERSECTION,01 ON ROADWAY,01 NOT AT INTERSECTION,01 PAVED,34,"April 12, 2011",14 URBAN PRIN ART OTHER,35,PAVED,4,CURB&GUTTER,2,,0,20,32000,RCI,5.9,,45,1 NO INJURY,31 Q/C COMPLETED - LOC VERIFIED,0 NO,02 AT INTERSECTION,01 DAYLIGHT,01 CLEAR,01 DRY,01 LEVEL,1 STRAIGHT,UNKNOWN,UNKNOWN,TRAFFIC CONTROL SIGNAL,TRAFFIC CONTROL SIGNAL,6,NONE,NOT CODED,NOT CODED,NONE,NOT CODED,NOT CODED,14 MOTOR VEHICLE IN TRANSPORT,01 FRONT TO REAR,01 STRAIGHT AHEAD,FOLLOWED TOO CLOSELY,OTHER CONTRIBUTING ACTION,00 NOT CODED,00 NOT CODED,00 NOT CODED,00 NOT CODED,01 NO,0,0,0,0,2,0,2,2,N,N,N,Y,N,N,N,N,N,N,N,N,N,N,N,N,N,N,N,N,N,N,N,N,N,N,26.759829095,-80.108438204,588645.75808,2960145.110639,R,,ARBM15Q1R2,"February 26, 2022",3159799,-8917630.847753538,3093498.0944277914
2012825197880,2012,825197880,20120007482,CITY POLICE DEPARTMENT,04 FOURTH,PALM BEACH,"May 5, 2012",0501,SUNDAY,9394 WEST PALM BEACH,0694,Y,FOREST HILL BLVD,I 95,0.019,E,0,0,26.655373,-80.0682367,93016000,8.471,01667,SR 882,,R RIGHT,L LEFT TURN,W WEST,20 URBAN 4-5LN 2WY DIVD RASD,04 COUNTY,02 INTERSECTION,01 ON ROADWAY,02 FOUR-WAY INTERSECTION,03 CURB,48,"June 25, 2012",16 URBAN MINOR ART,26,CURB&GUTTER,2,,0,,0,23,24500,RCI,17.7,,35,2 POSSIBLE INJURY,31 Q/C COMPLETED - LOC VERIFIED,0 NO,03 INFLUENCED BY INTERSECTION,04 DARK-LIGHTED,01 CLEAR,01 DRY,01 LEVEL,1 STRAIGHT,"TWO-WAY, DIVIDED, POSITIVE MED","TWO-WAY, DIVIDED, POSITIVE MED",TRAFFIC CONTROL SIGNAL,TRAFFIC CONTROL SIGNAL,4,NONE,NOT CODED,NOT CODED,NONE,NOT CODED,NOT CODED,14 MOTOR VEHICLE IN TRANSPORT,77 OTHER (SEE NARRATIVE),01 STRAIGHT AHEAD,OTHER CONTRIBUTING ACTION,OTHER CONTRIBUTING ACTION,00 NOT CODED,00 NOT CODED,00 NOT CODED,00 NOT CODED,01 NO,3,0,0,0,2,0,2,5,N,N,N,Y,N,N,N,N,N,N,N,N,N,N,N,N,Y,N,N,N,Y,N,N,N,N,N,26.655374524,-80.068236042,592727.73471,2948604.006771,R,,ARBM15Q1R2,"February 26, 2022",3159861,-8913155.561880901,3080481.546572197
2012825196850,2012,825196850,20120005650,CITY POLICE DEPARTMENT,04 FOURTH,PALM BEACH,"April 5, 2012",1112,FRIDAY,9394 WEST PALM BEACH,0694,Y,BROADWAY AVE,45TH ST,0.008,N,0,0,26.7531874,-80.056122,93020000,11.437,00769,SR 5,US 1,L LEFT,U UNKNOWN,U UNNWN,21 URBAN 4-5LN 2WY DIVD PAVD,02 U.S.,01 NON-JUNCTION,01 ON ROADWAY,01 NOT AT INTERSECTION,03 CURB,34,"June 5, 2011",16 URBAN MINOR ART,22,CURB&GUTTER,2,,0,,0,16,23000,RCI,3.4,,35,2 POSSIBLE INJURY,31 Q/C COMPLETED - LOC VERIFIED,0 NO,01 NOT AT INTERSECTION/RRX/BRIDGE,01 DAYLIGHT,02 CLOUDY,01 DRY,01 LEVEL,1 STRAIGHT,UNKNOWN,"TWO-WAY, NOT DIVIDED",UNKNOWN,NO CONTROLS,4,NONE,NOT CODED,NOT CODED,NONE,NOT CODED,NOT CODED,14 MOTOR VEHICLE IN TRANSPORT,01 FRONT TO REAR,88 UNKNOWN,OTHER CONTRIBUTING ACTION,NO CONTRIBUTING ACTION,00 NOT CODED,00 NOT CODED,00 NOT CODED,00 NOT CODED,01 NO,1,0,0,0,2,0,2,2,N,N,N,N,N,N,N,N,N,N,N,N,N,N,N,N,N,N,N,N,N,N,N,N,N,N,26.753164718,-80.05613285,593852.097566,2959444.445628,C,,ARBM15Q1R2,"February 26, 2022",3159864,-8911808.240615241,3092667.2601728057
2012825204200,2012,825204200,20120018917,CITY POLICE DEPARTMENT,04 FOURTH,PALM BEACH,"November 18, 2012",1306,MONDAY,9394 WEST PALM BEACH,0694,Y,BENOIST FARMS RD,OKEECHOBEE BLVD,0,,0,0,26.7084356,-80.1699058,93280000,1.907,00897,SR 704,,S SIDE RD RIGHT,R RIGHT TURN,N NORTH,33 SUBURBAN 6+LN 2WY DIVD RASD,03 STATE,02 INTERSECTION,01 ON ROADWAY,04 Y-INTERSECTION,03 CURB,42,"January 30, 2011",14 URBAN PRIN ART OTHER,48,PAVED,5,LAWN,12,,0,35,43500,RCI,3.3,,50,2 POSSIBLE INJURY,31 Q/C COMPLETED - LOC VERIFIED,0 NO,02 AT INTERSECTION,01 DAYLIGHT,02 CLOUDY,01 DRY,01 LEVEL,1 STRAIGHT,"TWO-WAY, NOT DIVIDED","TWO-WAY, NOT DIVIDED",TRAFFIC CONTROL SIGNAL,TRAFFIC CONTROL SIGNAL,8,NONE,NOT CODED,NOT CODED,NONE,NOT CODED,NOT CODED,14 MOTOR VEHICLE IN TRANSPORT,03 ANGLE,05 TURNING RIGHT,OPERATED MV IN CARLESS OR NEGL,NO CONTRIBUTING ACTION,00 NOT CODED,00 NOT CODED,00 NOT CODED,00 NOT CODED,01 NO,1,0,0,0,2,0,2,3,N,N,N,Y,N,N,N,N,N,N,N,N,N,N,N,N,N,N,N,N,N,N,N,N,N,N,26.708406172,-80.170099448,582551.783759,2954407.93148,R,,ARBM15Q1R2,"February 26, 2022",3160308,-8924494.947785221,3087088.5635209517
2012828974300,2012,828974300,FHPL12OFF021227,FLORIDA HIGHWAY PATROL,04 FOURTH,PALM BEACH,"April 7, 2012",0336,SUNDAY,9394 WEST PALM BEACH,0694,Y,SR 9,BELVEDERE RD,0.25,N,26.69208,-80.1559299,26.6943274,-80.0681582,93220000,26.265,06133,SR 9,I 95,M MEDIAN,M MIDDLE,N NORTH,01 INTERSTATE URBAN,01 INTERSTATE,01 NON-JUNCTION,04 MEDIAN,01 NOT AT INTERSECTION,01 PAVED,33,"December 17, 2003",11 URBAN PRIN ART INT.,64,PAVED,10,,0,,0,32,194500,RCI,6.4,,65,3 NO-INCAPACITATING INJURY,31 Q/C COMPLETED - LOC VERIFIED,0 NO,01 NOT AT INTERSECTION/RRX/BRIDGE,04 DARK-LIGHTED,01 CLEAR,01 DRY,01 LEVEL,3 CURVE LEFT,"TWO-WAY, DIVIDED, POSITIVE MED",,NO CONTROLS,NOT CODED,10,NONE,NOT CODED,NOT CODED,NONE,NOT CODED,NOT CODED,30 CONCRETE TRAFFIC BARRIER,77 OTHER (SEE NARRATIVE),01 STRAIGHT AHEAD,FAILED TO KEEP IN PROPER LANE,NOT CODED,00 NOT CODED,00 NOT CODED,00 NOT CODED,00 NOT CODED,01 NO,1,0,0,0,1,0,1,2,N,N,N,N,Y,N,N,N,N,N,Y,N,N,N,N,N,N,N,N,N,N,N,N,N,N,N,26.694153318,-80.068083729,592711.527675,2952899.369659,R,,ARBM15Q1R2,"February 26, 2022",3160311,-8913138.606582487,3085312.5513109616
2012828813690,2012,828813690,FHPL12OFF049217,FLORIDA HIGHWAY PATROL,04 FOURTH,PALM BEACH,"August 10, 2012",1933,SATURDAY,9394 WEST PALM BEACH,0694,Y,I 95,SR 80,0.5,S,26.6693783,-80.0710299,26.66813,-80.0706946,93220000,24.401,04276,SR 9,I 95,L LEFT,S SIDE OF ROAD,S SOUTH,01 INTERSTATE URBAN,01 INTERSTATE,01 NON-JUNCTION,03 SHOULDER,01 NOT AT INTERSECTION,01 PAVED,36,"December 1, 2008",11 URBAN PRIN ART INT.,64,PAVED WARN,10,VALLEY GUTR,3,,0,32,192000,RCI,6.4,0D3000,65,1 NO INJURY,31 Q/C COMPLETED - LOC VERIFIED,0 NO,01 NOT AT INTERSECTION/RRX/BRIDGE,02 DUSK,03 RAIN,02 WET,01 LEVEL,1 STRAIGHT,"TWO-WAY, DIVIDED, POSITIVE MED",,NO CONTROLS,NOT CODED,10,NONE,NOT CODED,NOT CODED,WEATHER CONDITIONS,NOT CODED,NOT CODED,27 GUARDRAIL FACE,77 OTHER (SEE NARRATIVE),01 STRAIGHT AHEAD,DROVE TOO FAST FOR CONDITIONS,NOT CODED,00 NOT CODED,00 NOT CODED,00 NOT CODED,00 NOT CODED,01 NO,0,0,0,0,1,0,1,1,N,N,N,N,Y,Y,N,N,N,N,N,Y,N,N,N,N,N,N,N,N,N,N,N,N,N,N,26.667809499,-80.071067342,592435.932108,2949979.284816,L,,ARBM15Q1R2,"February 26, 2022",3160314,-8913470.740861477,3082030.4983753283
2012820221580,2012,820221580,FHPK12OFF002224,FLORIDA HIGHWAY PATROL,08 TURNPIKE,PALM BEACH,"January 12, 2012",1304,FRIDAY,9394 WEST PALM BEACH,0694,N,SR 91,SR 80,0.189,S,26.7080799,-80.1368049,26.6759149,-80.1686662,93470000,24.046,01446,SR 91,,L LEFT,1 THRU LANE 1,N NORTH,03 TOLL ROAD URBAN,06 TURNPIKE/TOLL,01 NON-JUNCTION,01 ON ROADWAY,01 NOT AT INTERSECTION,01 PAVED,33,"June 26, 2012",12 URBAN PRIN ART EXPR.,24,PAVED WARN,8,VALLEY GUTR,3.5,,0,20,61000,RCI,8.3,,70,2 POSSIBLE INJURY,31 Q/C COMPLETED - LOC VERIFIED,0 NO,01 NOT AT INTERSECTION/RRX/BRIDGE,01 DAYLIGHT,02 CLOUDY,01 DRY,01 LEVEL,1 STRAIGHT,"TWO-WAY, DIVIDED, POSITIVE MED","TWO-WAY, DIVIDED, POSITIVE MED",NO CONTROLS,NO CONTROLS,4,NONE,NOT CODED,NOT CODED,NONE,NOT CODED,NOT CODED,14 MOTOR VEHICLE IN TRANSPORT,77 OTHER (SEE NARRATIVE),01 STRAIGHT AHEAD,OTHER CONTRIBUTING ACTION,NO CONTRIBUTING ACTION,00 NOT CODED,00 NOT CODED,00 NOT CODED,00 NOT CODED,01 NO,1,0,0,0,2,0,2,2,N,N,Y,N,N,N,N,N,N,N,N,N,N,N,N,N,N,N,N,N,N,N,N,N,N,N,26.675649914,-80.169011712,582683.625947,2950780.508248,L,,ARBM15Q1R2,"February 26, 2022",3160324,-8924373.861586325,3083007.2193540675
2012832285040,2012,832285040,FHPL12OFF060634,FLORIDA HIGHWAY PATROL,08 TURNPIKE,PALM BEACH,"October 1, 2012",0900,TUESDAY,9394 WEST PALM BEACH,0694,N,SR 91,MILE MARKER #97,0,,26.6835016,-80.1637,26.6727214,-80.1708767,93470000,23.787,01492,SR 91,,L LEFT,2 THRU LANE 2,S SOUTH,03 TOLL ROAD URBAN,06 TURNPIKE/TOLL,01 NON-JUNCTION,01 ON ROADWAY,01 NOT AT INTERSECTION,01 PAVED,33,"June 26, 2012",12 URBAN PRIN ART EXPR.,24,PAVED WARN,10,LAWN,12,,0,20,61000,RCI,8.3,0D4500,70,2 POSSIBLE INJURY,31 Q/C COMPLETED - LOC VERIFIED,0 NO,01 NOT AT INTERSECTION/RRX/BRIDGE,01 DAYLIGHT,02 CLOUDY,02 WET,01 LEVEL,1 STRAIGHT,"TWO-WAY, DIVIDED, POSITIVE MED","TWO-WAY, DIVIDED, POSITIVE MED",NO CONTROLS,WARNING SIGN,4,"RD SURFC (WET, ICY, SNOW, ETC)",NOT CODED,NOT CODED,NONE,NOT CODED,NOT CODED,14 MOTOR VEHICLE IN TRANSPORT,02 FRONT TO FRONT,01 STRAIGHT AHEAD,FAILED TO KEEP IN PROPER LANE,NO CONTRIBUTING ACTION,00 NOT CODED,00 NOT CODED,00 NOT CODED,00 NOT CODED,01 NO,2,0,0,0,2,0,2,2,N,N,N,N,Y,N,N,N,N,N,N,N,N,N,N,N,N,N,N,N,N,N,N,N,N,N,26.672446811,-80.171215351,582466.657808,2950424.30327,L,,ARBM15Q1R2,"February 26, 2022",3160340,-8924619.169597445,3082608.1841705334
2012831783880,2012,831783880,FHPL12OFF043890,FLORIDA HIGHWAY PATROL,04 FOURTH,PALM BEACH,"July 18, 2012",1127,THURSDAY,9394 WEST PALM BEACH,0694,Y,I 95,PALM BEACH LAKES BLVD,0.5,S,26.7061899,-80.07626,26.7140429,-80.0834831,93220000,27.935,06137,SR 9,I 95,R RIGHT,4 THRU LANE 4,N NORTH,01 INTERSTATE URBAN,01 INTERSTATE,01 NON-JUNCTION,01 ON ROADWAY,01 NOT AT INTERSECTION,01 PAVED,33,"December 17, 2003",11 URBAN PRIN ART INT.,40,PAVED,10,LAWN,12,,0,51,169693,RCI,6.6,,65,1 NO INJURY,31 Q/C COMPLETED - LOC VERIFIED,0 NO,01 NOT AT INTERSECTION/RRX/BRIDGE,01 DAYLIGHT,01 CLEAR,01 DRY,01 LEVEL,3 CURVE LEFT,"TWO-WAY, DIVIDED, POSITIVE MED","TWO-WAY, DIVIDED, POSITIVE MED",NO CONTROLS,NO CONTROLS,7,NONE,NOT CODED,NOT CODED,NONE,NOT CODED,NOT CODED,14 MOTOR VEHICLE IN TRANSPORT,"04 SIDESWIPE, SAME DIRECTION",88 UNKNOWN,NOT CODED,NO CONTRIBUTING ACTION,00 NOT CODED,00 NOT CODED,00 NOT CODED,00 NOT CODED,01 NO,0,0,0,0,1,0,2,1,N,N,Y,N,Y,N,N,N,N,N,N,N,N,N,N,N,N,N,N,N,N,N,N,N,N,N,26.713936031,-80.083312456,591180.666617,2955079.58276,R,,ARBM15Q1R2,"February 26, 2022",3160358,-8914833.861314407,3087777.685432403
2012831783950,2012,831783950,FHPL12OFF044977,FLORIDA HIGHWAY PATROL,04 FOURTH,PALM BEACH,"July 23, 2012",0756,TUESDAY,9394 WEST PALM BEACH,0694,Y,I 95,SR 704,0.189,N,26.7107268,-80.0797673,26.7086225,-80.0774194,93220000,27.405,01182,SR 9,I 95,L LEFT,5 THRU LANE 5,S SOUTH,01 INTERSTATE URBAN,01 INTERSTATE,01 NON-JUNCTION,01 ON ROADWAY,01 NOT AT INTERSECTION,01 PAVED,33,"December 17, 2003",11 URBAN PRIN ART INT.,64,PAVED WARN,10,LAWN,12,,0,32,169693,RCI,6.6,,65,1 NO INJURY,31 Q/C COMPLETED - LOC VERIFIED,0 NO,01 NOT AT INTERSECTION/RRX/BRIDGE,01 DAYLIGHT,01 CLEAR,01 DRY,01 LEVEL,1 STRAIGHT,"TWO-WAY, DIVIDED, POSITIVE MED","TWO-WAY, DIVIDED, POSITIVE MED",NO CONTROLS,NO CONTROLS,10,NONE,NOT CODED,NOT CODED,NONE,NOT CODED,NOT CODED,14 MOTOR VEHICLE IN TRANSPORT,"04 SIDESWIPE, SAME DIRECTION",06 CHANGING LANES,NOT CODED,NO CONTRIBUTING ACTION,00 NOT CODED,00 NOT CODED,00 NOT CODED,00 NOT CODED,01 NO,0,0,0,0,1,0,2,1,N,N,Y,N,Y,N,N,N,N,N,N,N,N,N,N,N,N,N,N,N,N,N,N,N,N,N,26.708433132,-80.077631902,591750.137563,2954474.140598,L,,ARBM15Q1R2,"February 26, 2022",3160360,-8914201.504663978,3087091.9233283736
2012831727980,2012,831727980,FHPL12OFF055475,FLORIDA HIGHWAY PATROL,04 FOURTH,PALM BEACH,"September 7, 2012",1620,SATURDAY,9394 WEST PALM BEACH,0694,N,I 95,NORTHLAKE BLVD,0.133,N,26.80566,-80.0982483,26.8111131,-80.0979847,93220000,34.9,01209,SR 9,I 95,R RIGHT,S SIDE OF ROAD,N NORTH,01 INTERSTATE URBAN,01 INTERSTATE,01 NON-JUNCTION,01 ON ROADWAY,01 NOT AT INTERSECTION,01 PAVED,33,"December 1, 2008",11 URBAN PRIN ART INT.,48,PAVED,12,LAWN,6,,0,51,149000,RCI,6.4,,65,3 NO-INCAPACITATING INJURY,31 Q/C COMPLETED - LOC VERIFIED,0 NO,01 NOT AT INTERSECTION/RRX/BRIDGE,01 DAYLIGHT,01 CLEAR,01 DRY,01 LEVEL,1 STRAIGHT,"TWO-WAY, DIVIDED, POSITIVE MED",,NO CONTROLS,NOT CODED,7,NONE,NOT CODED,NOT CODED,NONE,NOT CODED,NOT CODED,01 OVERTURN/ROLLOVER,77 OTHER (SEE NARRATIVE),01 STRAIGHT AHEAD,OPERATED MV IN CARLESS OR NEGL,NOT CODED,00 NOT CODED,00 NOT CODED,00 NOT CODED,00 NOT CODED,01 NO,1,0,0,0,1,0,1,1,N,N,N,N,Y,N,N,N,N,N,N,N,N,N,N,N,N,N,N,N,N,N,N,N,N,N,26.811000541,-80.098009338,589642.510727,2965820.375146,R,,ARBM15Q1R2,"February 26, 2022",3160363,-8916469.911542978,3099879.160468554